date_id,LME_CA_Close,LME_ZS_Close,target_2_shifted
0,7205.0,3349.0,-0.0070519902951156
1,7147.0,3327.0,-0.0089340591551998
2,7188.5,3362.0,0.0119433127095384
3,7121.0,3354.0,0.0068556094764373
4,7125.0,3386.0,-0.0166258464298391
5,7102.0,3335.0,-0.0035419510749007
6,7153.0,3336.0,0.0023600246238029
7,7140.5,3386.0,-0.013058295766422
8,7110.0,3383.5,0.0046916087670213
9,7210.0,3423.0,0.0034322948144194
10,7078.0,3404.5,-0.0168836292655278
11,7034.0,3367.5,0.0045593597869008
12,7076.0,3376.0,-0.0201423580187454
13,7041.0,3416.5,0.0240903132541536
14,7068.0,3414.0,-0.0089208928945071
15,6923.0,3412.0,-0.0111975352155496
16,7150.0,3440.0,-0.0204901875552331
17,7138.0,3465.0,0.010375889375569
18,7085.0,3478.0,-0.0029080990885703
19,7085.0,3550.0,-0.0063359564926537
20,7050.0,3496.0,0.0068198080373192
21,7118.0,3540.0,-0.0013372857658082
22,7117.0,3562.0,0.0157522452528091
23,7045.0,3502.0,-0.0035431088273033
24,7128.0,3548.0,-0.0164163548166838
25,7083.0,3470.5,-0.002510342282073
26,6880.0,3383.0,0.0119269296389824
27,6845.0,3421.5,-0.002816196373864
28,6755.0,3385.0,-0.0029759810495825
29,6831.0,3382.5,0.0019484827488835
30,6988.0,3470.0,0.0056764117088292
31,7163.0,3567.5,-0.0104169878883759
32,7182.0,3570.0,-0.0025339867760851
33,7233.0,3575.0,0.0066203559352577
34,7118.0,3555.0,0.0088500616380219
35,7090.0,3550.0,-0.0014375882333354
36,7119.0,3541.0,-0.005849439527756
37,7162.0,3531.0,-5.72365273024e-05
38,7095.0,3503.0,-0.0015091180910698
39,7110.0,3531.0,0.0105178342837951
40,7021.0,3487.0,0.0119071375566811
41,6931.0,3447.5,0.019480281641349
42,6922.0,3407.0,0.011693043193316
43,6898.0,3355.0,0.0050613952724154
44,6910.0,3296.0,-0.0077327856340084
45,7004.0,3302.0,0.0042567411084936
46,6950.0,3260.0,0.0044462803826835
47,6833.0,3230.0,-0.0123688918034165
48,6962.0,3277.0,0.0272521742972302
49,6913.0,3239.5,-0.0124811408723524
50,6945.0,3295.0,-0.0123332699299008
51,6988.5,3226.5,-0.0052550451015785
52,6920.0,3235.0,0.003396574139906
53,6888.0,3260.0,-0.0086496872629395
54,6854.0,3261.0,-0.0002723050060868
55,6755.0,3203.0,-0.012396603666834
56,6793.0,3249.0,-0.0193844292693992
57,6695.0,3203.0,0.0026565227532213
58,6660.0,3226.0,-0.0003408362926122
59,6602.0,3260.5,0.0103746575684098
63,,,-0.0039210760471174
64,,,0.0200561092163914
65,6796.0,3280.0,-0.0053735897152855
66,6724.0,3258.0,0.0154900336077002
67,6816.0,3237.0,0.0067808904058043
68,6769.0,3232.0,0.0022626554401311
69,6830.0,3211.0,0.0267555322004505
70,6945.0,3243.0,-0.0060876637242091
71,6950.0,3238.0,0.0054807927097848
72,6821.0,3094.0,-0.0104234437104309
73,6830.0,3117.0,-0.0137227067790064
74,6910.5,3136.5,0.0075209006861541
75,6877.0,3154.0,-0.0017984090146414
76,7022.0,3265.0,-0.0058773283081991
77,6984.0,3223.0,0.0152382950890984
78,6992.0,3232.5,0.023551406078948
79,6943.5,3229.0,-0.0061547464023212
80,7013.0,3212.0,-0.0199405580710261
81,7008.0,3135.0,-0.0004504590857485
82,6965.0,3135.0,0.0151269602473985
83,6797.0,3121.0,0.01269759561429
84,6807.0,3127.0,0.0142404625779524
85,6745.0,3052.0,-0.0159831765687946
88,6826.0,3055.0,0.0043754948225937
89,,,0.0120203355804019
90,6745.0,3060.0,0.004580057640086
91,6810.0,3076.0,0.0012030778185479
92,6917.0,3087.0,-0.0135354455214784
93,6942.0,3084.0,-0.0014335299624529
94,6885.0,3055.0,0.0007657727432683
95,6808.0,3062.0,-0.0046248319619557
96,6826.0,3074.5,0.0020441853684642
97,6879.0,3096.0,0.0300170785078357
98,6855.0,3099.5,-0.0073039711373014
99,6879.0,3104.0,0.0002419734254726
100,6979.0,3056.0,-0.0048610445728262
103,6885.0,3051.0,-0.0161053007189518
104,,,0.0113837418883756
105,6860.0,3089.0,0.0060784242723072
106,6840.0,3130.0,0.004641612371109
107,6852.0,3100.0,-0.0068991241543181
108,6896.0,3101.0,0.0190912625203066
109,6975.0,3122.0,0.0183735376973251
110,7099.0,3199.5,-0.0086829621001768
111,7220.0,3192.5,-0.0075135942289008
112,7332.0,3183.0,-0.00393396346054
113,7312.0,3202.0,-0.0004654929086051
114,7255.0,3201.0,-0.0020267359665443
115,7222.0,3199.0,0.0120321880395011
116,7257.0,3216.0,-0.0037794842784085
117,7177.0,3187.0,0.0034548616493607
118,7020.0,3080.0,-0.0075091097578349
119,6964.0,3067.0,0.0279633275960906
120,6840.0,3002.0,0.0007847481724811
121,6773.0,2995.0,0.0154129274705608
122,6786.0,2918.0,8.10008790133e-05
123,6789.0,2917.0,-0.0156548362299295
124,6755.0,2858.0,-0.0177143358379411
125,6713.0,2840.0,0.0154070641074304
126,6692.5,2876.0,-0.0043912454397227
127,6623.0,2897.0,0.0068449540226429
128,6626.0,2854.0,0.0161228278763272
129,6523.0,2822.0,-0.0064409931262392
130,6491.0,2789.0,-0.0228583629135574
131,6386.0,2700.0,0.0280753908484883
132,6345.0,2700.0,0.0190789006130215
133,6282.0,2735.0,-0.004250961067956
134,6390.0,2705.0,0.006418037599211
135,6332.5,2630.0,0.0026070597917147
136,6145.0,2563.0,0.0339364692901398
137,6228.0,2581.0,-0.0217238787197391
138,6237.0,2578.0,-0.0347573468064005
139,6192.0,2474.0,0.0072668112447697
140,6152.0,2512.0,0.0019885129567513
141,6150.0,2600.0,0.0049465652999412
142,6065.0,2545.5,0.0029667076089057
143,6147.5,2575.0,0.0111263288505984
144,6130.0,2555.0,0.0005458919155805
145,6295.0,2616.0,-0.0036799240027751
146,6290.0,2585.0,0.0076452367744985
147,6291.0,2584.0,-0.0182780300853606
148,6297.0,2596.0,0.0065019734913466
149,6250.0,2557.0,-0.0084058526087503
150,6300.0,2625.0,-0.0154122942684635
151,6172.0,2555.0,0.0120147445480673
152,6139.5,2563.0,-0.0051698710294955
153,6206.0,2631.0,-0.0049287054890303
154,6133.0,2569.0,0.0074318357071489
155,6175.0,2600.0,0.0205183229944617
156,6173.0,2612.0,0.0195346284050399
157,6225.0,2614.5,-0.0062068209824513
158,6190.0,2547.0,0.0237744954270498
159,6153.5,2483.0,-0.0158786532956405
160,6044.0,2454.0,-0.0009772301378851
161,5801.0,2300.0,0.0160269725877283
162,5938.0,2392.0,-0.0113046091581284
163,5926.0,2389.5,-0.0233980555601703
164,5991.5,2377.5,-0.0036933625267464
165,6045.0,2426.0,-0.00658722979426
168,6105.0,2534.0,0.0011117259743999
169,,,0.0145821140720625
170,6147.0,2540.0,-0.0108509126623574
171,6086.0,2512.0,-0.0037788348769883
172,6066.0,2467.5,-0.0063296884432405
173,5975.0,2457.0,0.0079295888725093
174,5967.0,2463.0,0.0007306777157877
175,5815.0,2415.5,0.0095676995613106
176,5871.0,2419.5,0.0123628168053698
177,5927.5,2441.0,0.0211733453571267
178,5933.0,2420.0,-0.0021401684440711
179,5910.0,2381.0,0.0104243395947693
180,5859.0,2311.0,0.0010829994646986
181,5997.0,2370.5,0.0013175645787218
182,6033.0,2360.0,0.011018001333477
183,5973.0,2334.0,-0.0298118584944062
184,5945.0,2320.0,-0.0149826592949083
185,6086.0,2349.0,0.0286036857347849
186,6121.0,2434.0,-0.0284519105175012
187,6082.0,2455.0,0.0169572799777644
188,6363.0,2496.0,-0.0187915631177275
189,6353.0,2564.0,-0.0017618600110344
190,6318.0,2507.0,-0.0300180262424693
191,6282.0,2540.0,-0.0181442144997485
192,6187.0,2506.0,0.0015657035295423
193,6258.0,2612.0,0.0035722083821081
194,6249.0,2656.0,0.0021550035579259
195,6280.0,2665.0,-0.0115913733839001
196,6267.0,2650.0,0.0084287355610705
197,6290.0,2654.0,-0.0055217590524529
198,6173.0,2635.0,0.0100076294538544
199,6178.0,2615.0,0.0092677977650291
200,6292.0,2678.0,-0.0056661875036154
201,6239.0,2629.0,0.0177636176582463
202,6242.0,2606.0,-0.016432349040544
203,6302.0,2646.0,-0.0217441817560767
204,6301.0,2599.0,-0.0135251508692934
205,6215.0,2606.0,0.0284282172358328
206,6219.0,2665.0,-0.0078287186360833
207,6132.0,2663.5,-0.0122793601021652
208,6220.0,2626.0,-0.0004969128851877
209,6242.0,2656.0,0.0173890254012194
210,6196.0,2669.0,-0.0159523144097268
211,6179.0,2663.0,0.0109995419653804
212,6226.0,2637.0,0.0068458793313998
213,6160.0,2651.0,0.0159531701381773
214,6160.0,2622.0,-0.002454440982137
215,6032.0,2550.0,0.0262903016727659
216,5992.0,2493.0,-0.0019365793503632
217,6090.0,2540.0,0.0022236745930634
218,6283.0,2552.5,0.0177516089050426
219,6191.0,2520.0,-0.0267987201210795
220,6158.0,2501.0,-0.0164134399145629
221,6153.0,2455.0,0.0094023716900232
222,6155.0,2522.5,0.0069684753637331
223,6056.0,2523.0,-0.0024140238528972
224,6049.0,2496.5,-0.0138301666340725
225,6073.0,2489.0,-0.0081885630890966
226,6090.0,2502.0,0.0109700429612108
227,6184.0,2576.0,0.0069708892103184
228,6205.0,2606.0,0.0015713211788385
229,6259.0,2600.0,-0.0022343418098614
230,6184.0,2551.0,0.0169988385666188
231,6235.0,2568.0,0.0098806678749143
232,6255.0,2582.0,0.0101640500613231
233,6207.0,2519.0,0.0057848659798008
234,6189.0,2487.0,-0.0053805193305259
235,6121.5,2435.0,-0.0309892680482605
236,6200.0,2452.0,-0.0004713332156871
237,6212.0,2470.0,-0.0160760017692518
238,6198.0,2542.0,-0.0166299365870225
239,6295.0,2583.0,-0.0075551165114531
240,6209.0,2589.0,0.0145967412992263
241,6175.0,2618.0,-0.0045055093033685
242,6070.0,2593.0,0.0070824300388444
243,6145.0,2587.0,0.0032020827023406
244,6089.0,2575.0,0.0039976501910493
245,6168.0,2590.0,0.0051784383369889
246,6140.0,2570.0,0.0001869379933149
247,6155.0,2566.0,-0.0177938438920973
248,6131.5,2543.0,-0.0007893807925634
249,6123.0,2539.0,-0.0021032568910053
250,5970.0,2520.0,0.0135725428594586
251,6015.0,2541.0,0.0053109573114539
255,,,0.0240430999099828
256,,,-0.0163550868786025
257,5986.5,2495.0,0.0025402384603257
258,5997.0,2440.0,-0.005364584486487
259,5965.0,2467.0,0.0067386509424395
260,5842.0,2410.0,-0.0234678573274958
261,5736.0,2379.0,0.0023434581816966
262,5918.0,2438.0,0.0059531295927449
263,5923.0,2498.0,0.0078071882348314
264,5906.0,2485.0,-0.0104962654855061
265,5958.0,2492.0,-0.0043865931680744
266,5930.0,2461.0,0.0152288556638836
267,5942.0,2492.0,-0.0079452621650343
268,5897.0,2484.0,-0.0163481262283853
269,5920.0,2456.0,-0.0029096532250151
270,5970.0,2496.5,-0.0148969955688175
271,5992.0,2547.0,-0.0030731816042416
272,6052.0,2580.0,-0.0141602489667322
273,5981.0,2588.0,-0.0125736583316171
274,5935.0,2576.0,0.009952766457191
275,5951.5,2620.0,-0.0115721264829556
276,5922.0,2640.0,0.0169610879331525
277,6056.0,2673.0,0.0028829255353464
278,6002.0,2680.0,-0.0068473813867412
279,6050.0,2656.0,-0.025981930456471
280,6136.0,2686.0,-0.0038925141376398
281,6169.0,2719.0,0.0321368005230078
282,6139.0,2777.0,0.0209436334451898
283,6168.0,2801.0,-0.0152051575819358
284,6233.0,2741.0,0.0041553213953508
285,6279.0,2704.0,0.0127304220643168
286,6246.0,2731.0,0.0065290904192929
287,6210.0,2704.0,0.0073335735018996
288,6150.0,2644.0,0.0042702980768077
289,6106.0,2608.0,-0.0153712642717699
290,6125.0,2597.0,0.0196315731675075
291,6137.0,2591.0,-0.0001891297090828
292,6188.0,2653.0,-0.0017951234505082
293,6275.0,2638.0,0.0016643483500779
294,6319.0,2657.0,7.79065486602e-05
295,6405.0,2698.0,0.0021459122519779
296,6380.0,2683.0,-0.0056895915874787
297,6478.0,2724.0,0.0002538491468101
298,6480.0,2719.0,-0.0115660120150827
299,6493.0,2740.0,-0.007290642888208
300,6506.5,2745.0,0.0015748232097621
301,6509.0,2778.0,0.0002221224669394
302,6478.0,2785.0,-0.0044184442300089
303,6409.0,2751.0,0.0122892557989997
304,6478.0,2780.0,0.0043671598986947
305,6468.0,2788.0,-0.0080354487236501
306,6423.5,2735.0,-0.0257778147722877
307,6395.0,2711.0,-0.0030889766706845
308,6407.0,2738.0,-0.0028821938115911
309,6472.0,2838.0,0.0166740207833878
310,6472.5,2847.0,0.0022976042100038
311,6404.0,2825.0,-0.0079389619556086
312,6431.0,2790.0,-0.0161523060454951
313,6425.0,2781.0,0.004237144103844
314,6459.0,2818.0,-0.0100416096802765
315,6457.0,2863.0,-0.0015947293342581
316,6421.0,2835.0,-0.0159521364587289
317,6312.0,2815.0,-0.004071543066628
318,6340.0,2832.0,0.0108902773584937
319,6330.0,2873.0,0.0036010995256271
320,6335.0,2887.0,-0.0090584238966102
321,6360.0,2867.0,0.0197031560108964
322,6413.0,2880.5,-0.0154397954673425
323,6471.0,2933.0,0.0049912121395224
324,6426.5,2856.0,-0.0163735239315327
325,6492.0,2930.0,0.0169851276061518
326,6451.0,2897.0,0.0174579177254348
327,6401.0,2922.0,-0.0077374189413034
328,6475.0,2906.0,-0.0059126816222865
329,6487.0,2861.0,-0.0099608518249908
330,6464.0,2873.0,0.0089917655973904
331,6408.0,2865.0,0.0338383934051534
332,6484.0,2928.0,0.005972929839575
333,6480.0,2900.0,0.0065182383941163
337,,,0.0085646557674227
338,,,-0.0125910093754833
339,6407.0,2748.0,-0.004318462078518
340,6448.0,2742.0,-0.0092583425386212
341,6365.0,2741.0,-0.0089609520917429
342,6400.0,2768.0,-0.0089833447286803
343,6396.0,2792.0,0.0035743402666293
344,6415.0,2825.5,-0.003413968203099
345,6235.0,2771.0,0.0199031743724293
346,6167.0,2731.0,0.011099523986787
347,6236.0,2771.0,0.0071329812859706
348,6180.0,2692.0,-0.0037082027389656
349,6148.0,2648.5,0.0052950599471112
350,6102.0,2610.0,-0.0078049335613665
351,6126.0,2630.0,-0.0026833380477689
352,6011.0,2567.0,-0.0017180867507701
353,6027.0,2594.0,0.0068912072995953
354,6085.0,2626.0,0.0051935542838577
355,6100.0,2637.0,-0.0062649768214457
356,6056.0,2600.0,0.0022690666564002
357,6029.0,2575.0,0.0083548324015181
358,5996.0,2577.0,-0.010866603312249
361,5955.0,2560.0,-0.004773146058424
362,,,-0.0131234556038022
363,5960.0,2562.0,0.0107863797429445
364,5883.0,2541.0,0.0244930422389736
365,5852.0,2561.0,0.0032791856783694
366,5830.0,2524.0,-0.0068542249731262
367,5842.0,2468.0,-0.0163437935547932
368,5879.0,2475.5,0.0060690597502134
369,5807.0,2462.0,0.0160761531310074
370,5808.0,2503.0,-0.011902577363869
371,5799.0,2484.0,-0.0050896848166172
372,5874.0,2476.0,0.0138608821247266
373,5876.0,2506.5,0.00357198214876
374,5852.0,2509.0,-0.0029636357629333
375,5858.0,2477.0,0.0007754453156706
376,5822.0,2453.0,0.0084028811712508
377,5845.0,2470.0,0.0132944369359603
378,5949.0,2512.0,0.0139481460564422
379,5918.0,2478.0,-0.0254031089662548
380,5973.0,2468.0,-0.0069956482727174
381,5971.0,2433.0,0.0056790135590077
382,5960.0,2491.0,0.0126144471781662
383,6042.0,2543.0,-0.0073806649891055
384,5988.0,2506.0,0.0068698161910854
385,5989.0,2475.0,-0.0182819314705808
386,5993.0,2495.0,0.0174274990149163
387,5954.5,2462.0,0.0101861484984804
388,5887.0,2479.0,0.0044051932133449
389,5918.0,2449.0,0.010425582611981
390,5920.0,2425.0,-0.0056238532131329
391,5902.0,2407.0,0.0041119690167765
392,5892.0,2378.0,-0.0086604865254256
393,5822.0,2363.0,-0.00747433260746
394,5940.0,2401.0,0.0055970760959941
395,5955.0,2428.0,-0.0105932879902334
396,5935.0,2438.0,-0.0023105725555759
397,5983.0,2444.0,0.0043480943605045
398,6012.0,2482.0,0.0299727110933256
399,5980.0,2474.5,-0.0045582290528228
400,5983.0,2465.0,-0.0160902758999347
401,6065.0,2425.0,-0.0042164876169084
402,6017.5,2417.0,0.0090893911260134
403,5968.0,2436.0,-0.0065317374810248
404,5999.0,2459.0,-0.0034539112370779
405,6007.0,2440.0,-0.0080480891911738
406,5963.0,2438.0,0.002988462842715
407,6018.0,2469.0,0.0117666868516248
408,5948.0,2460.0,-0.0064358896196788
409,5927.0,2444.0,0.0089378571819574
410,5899.0,2404.0,8.09418710265e-05
411,5729.5,2350.0,0.0253040522369239
412,5685.0,2311.0,-0.0026695023523873
413,5683.0,2310.0,0.023409053861018
414,5705.0,2261.0,-0.0217656248529551
415,5798.0,2304.0,-0.0028860975695265
416,5755.0,2234.0,0.0165882009808545
417,5742.0,2278.0,-0.0059712276945292
418,5828.5,2319.0,0.0001080460594096
419,5765.0,2256.0,0.0047670650967243
420,5751.0,2264.0,0.0050721832825581
421,5744.0,2261.0,-0.0242384178338771
422,5774.0,2262.0,0.0108242721252711
423,5711.0,2226.0,-0.0128379968257745
426,5633.0,2254.0,0.0091745403907701
427,,,0.0010915677550882
428,5683.0,2275.0,0.0197539323410578
429,5690.0,2257.0,-0.0274475741538371
430,5726.5,2269.0,0.0157515343906457
431,5676.0,2205.0,-0.0222187669527193
432,5620.0,2244.0,0.0029768860654298
433,5610.0,2205.0,0.0039405881538029
434,5748.0,2310.0,0.0046713435346164
435,5845.0,2342.0,-0.010330125035038
436,5833.0,2328.0,-0.019689872360145
437,5815.0,2310.0,0.0172202668608715
438,5825.0,2338.0,0.0079077570647529
439,5772.5,2363.0,-0.0092246760712581
440,5833.0,2347.0,-0.001594249283286
441,5974.5,2385.0,0.0112192538456429
442,5870.0,2365.0,-0.0010277584993591
443,5821.0,2349.0,0.0047584960917454
444,5814.0,2320.0,-0.0148865892730469
445,5788.0,2312.0,0.0218056664665972
446,5798.0,2305.0,-0.0022892262188486
447,5778.0,2331.5,-0.0165221206973258
448,5780.0,2282.0,0.0071822249112132
449,5787.0,2290.0,-0.0391395580677276
450,5722.0,2302.0,0.0243435856084829
451,5767.0,2303.5,-0.0070320236469766
452,5725.0,2378.0,0.0071500300439798
453,5686.0,2305.0,-0.0055376271253003
454,5678.0,2318.0,0.0186966376055898
455,5662.0,2295.0,-0.0120838678707958
456,5643.0,2300.0,0.0045473209768026
457,5722.0,2289.0,-0.0245463241935122
458,5675.5,2298.0,-0.0103066897394377
459,5684.0,2291.0,0.0033752270738689
460,5781.0,2388.0,-0.0151751748846981
461,5796.0,2419.0,-0.005834308858404
462,5818.0,2420.0,-0.0004826762688705
463,5773.0,2438.0,0.0042539121709539
464,5730.0,2434.0,-0.0027088722697168
465,5739.0,2439.0,0.000509167953831
466,5806.0,2457.0,0.010567641687167
467,5828.0,2473.0,-0.0094461838041853
468,5818.0,2467.5,2.54082470101e-05
469,5881.0,2468.0,-0.0161316544890516
470,5880.0,2491.0,0.0030986140910968
471,5925.0,2510.0,0.0026185035017574
472,5908.0,2543.5,-0.0004089715609
473,5927.5,2544.0,-0.0058916656999721
474,5908.0,2529.0,-0.002906634812461
475,5797.0,2482.5,0.0269425967631955
476,5850.0,2520.0,0.0036789706332769
477,5877.0,2539.0,0.0072463679408813
478,5940.0,2498.0,-0.0071968506221891
479,5907.0,2475.0,-0.0135353332560049
480,5974.0,2485.0,0.0082448456136212
481,5924.0,2482.0,0.0146238986268656
482,5878.5,2496.5,0.0068434448472147
483,5869.0,2472.0,0.0130461533226718
484,5835.0,2422.0,0.0119879098701293
485,5812.0,2396.0,0.0076890596678216
486,5849.0,2380.0,0.0133134884654639
487,5830.0,2344.0,0.0008237784067247
488,5875.0,2344.0,-0.0007691345865765
489,5875.0,2313.0,0.0126845963774154
490,5829.0,2293.0,0.0016377336460236
491,5855.0,2305.0,0.0044089558112762
492,5868.0,2281.0,-0.0006489728603905
493,5924.0,2299.0,-0.0027861632739713
494,5945.0,2297.0,0.0167411100428253
495,5892.0,2278.0,0.0068221673258919
496,5864.0,2273.5,-0.007818863274151
497,5883.0,2243.0,0.0058667963835776
498,5815.0,2202.0,0.0153861214580583
499,5885.0,2246.0,0.0136438493723698
500,5888.0,2234.0,0.0092562392064439
501,5990.0,2238.0,0.0116106339427562
502,6075.0,2239.0,-0.0182836754339619
503,6100.0,2227.5,0.0001962391727801
504,6156.0,2222.0,-0.0055325032495886
505,6156.0,2263.0,0.0043165854173018
506,6130.0,2253.0,-0.0126320741432144
507,6199.0,2291.0,-0.0038384105991564
508,6200.0,2281.5,-0.0133149919180875
509,6174.5,2301.0,0.024015989219879
510,6215.0,2325.0,0.0114786464091837
514,,,0.0003705657526412
515,,,0.0075917249461776
516,6214.0,2305.0,-0.0143220170439451
517,6219.0,2306.0,-0.0077656494710729
518,6174.0,2272.0,-0.0065233082157895
519,6188.0,2310.0,-0.0074977337502062
520,6129.5,2306.0,-0.0193010789979909
521,6138.5,2324.5,0.0112024453494843
522,6149.0,2346.0,0.0024877780054236
523,6178.0,2403.0,0.0147344113467925
524,6180.0,2377.0,0.003800111882088
525,6198.0,2378.0,-0.0072164992652276
526,6290.0,2378.0,-0.016906718141917
527,6302.0,2373.5,-0.0038089326679169
528,6287.0,2385.0,-0.0081848476175701
529,6277.5,2422.0,-0.0202306836037572
530,6273.0,2429.5,0.0153175110300249
531,6259.0,2444.0,0.0022603661689656
532,6160.0,2454.5,-0.008960319585849
533,6106.0,2396.0,0.0127345953726112
534,5987.0,2344.0,-0.0025150893128366
535,5926.0,2341.0,-0.0023743138198446
536,5743.0,2240.0,0.0009276224974225
537,5703.0,2230.0,-0.0091451265428519
538,5641.0,2211.0,0.0172786543582092
539,5587.5,2188.0,0.0071851632889152
540,5567.0,2200.0,-0.0028934329252189
541,5525.0,2146.0,0.0049842897477288
542,5618.0,2166.5,0.015860611444953
543,5722.0,2213.0,0.0058474895562328
544,5735.0,2207.0,0.0071310103461801
545,5663.0,2145.0,0.0033017668365566
546,5667.0,2134.0,-0.0079908744464008
547,5745.0,2148.0,0.00683123000317
548,5764.0,2148.0,-0.0016585134110789
549,5790.0,2175.0,0.0057759800624688
550,5760.0,2149.0,0.007437185341794
551,5812.0,2172.0,0.0002415547737192
552,5773.0,2145.0,0.0050192774084514
553,5770.0,2128.0,0.0198974770162945
554,5728.0,2112.0,0.007640248119746
555,5765.0,2115.0,-0.0109856161485956
556,5689.0,2046.0,0.0071879642757912
557,5685.0,2029.0,-0.0013330770929661
558,5670.0,2046.0,0.0107272792618448
559,5616.0,2012.0,0.0178654956666616
560,5635.0,2021.5,-0.0002013379944998
561,5700.0,2023.0,-0.0162865487309133
562,5666.5,1975.5,0.0016385826827097
563,5684.0,1982.0,-0.0104009087386828
564,5674.0,2011.0,0.0071021642378514
565,5607.0,1984.0,-0.0122210599919068
566,5535.0,1979.0,0.0087415436131606
567,5566.0,1976.0,-0.0202926717816168
568,5529.0,1987.0,-0.0096354861247137
569,5440.0,1938.0,0.0091635501504195
570,5460.0,1985.0,-0.0672876436621349
571,5290.5,1942.0,0.0161777375926156
572,5144.0,1871.0,-0.003654922675669
573,4745.0,1846.0,-0.0220482282449413
574,4825.0,1847.0,0.0406225448353907
575,4810.0,1848.0,-0.0027476179436371
576,4630.0,1818.5,-0.0235473930523622
577,4814.0,1815.5,-0.0124450071699075
578,4855.0,1836.0,-0.0011933097749943
579,4804.0,1860.0,0.0196110354997826
580,4790.5,1878.0,-0.0124349919397267
581,4769.5,1872.0,0.0109594274713562
582,4951.0,1905.5,-0.0088932021353192
583,4800.0,1870.5,-0.0027313191318817
584,4897.0,1887.5,0.021254680527826
585,4839.5,1882.0,-0.0069484089706537
586,4884.0,1904.5,0.0148989427740433
590,,,-0.0144364837312957
591,,,0.0019416662299449
592,5163.0,1922.5,0.0034516658202595
593,5111.5,1931.0,0.0003425455722081
594,5140.0,1938.0,-0.0113974585374552
595,5211.0,1958.0,0.0281220392758677
596,5183.5,1947.0,0.0178436794852339
597,5030.0,1911.0,-0.0096694888187892
598,5131.5,1895.5,-0.0004900213481836
599,5160.5,1872.5,-0.0083066147156328
600,5139.5,1883.0,-0.001004678051711
601,5197.0,1905.0,-0.0102738045149855
602,5223.0,1930.5,-0.0017490518333181
603,5261.0,1946.5,0.0098841329795289
604,5188.5,1939.5,-0.0028835803136156
605,5110.0,1913.5,-0.0215603931316933
606,5123.0,1899.5,0.0001878989708194
609,5274.0,2003.5,0.0115574271022699
610,,,0.0088736483458287
611,5257.0,2028.5,0.0049354849914758
612,5256.5,2005.0,-0.0062453756378558
613,5224.0,1975.0,-0.0054575863076288
614,5202.0,1957.0,0.0023447408675337
615,5181.5,1961.5,0.0147336084856652
616,5317.5,2024.0,0.0167693180045525
617,5355.0,2033.5,-0.0201113038279863
620,5288.5,1985.5,0.012219792487398
621,,,0.0065208798115686
622,5362.0,1982.0,-0.0190627795908762
623,5259.5,1920.5,0.0028391444877267
624,5332.5,1934.5,0.0093189338772007
625,5376.5,1988.0,-0.0017136395065847
626,5484.0,2022.0,-0.0041353062026411
627,5528.5,2019.5,0.0184340565240302
628,5524.5,2021.5,0.006797046158429
629,5533.0,2033.0,0.025057228126554
630,5690.0,2052.5,0.0212871227099302
631,5699.5,2042.0,-0.0177157329120366
632,5774.0,2017.5,0.0185240324216564
633,5907.0,2020.5,-0.0161789574033791
634,5764.5,2007.0,-0.0028633540500554
635,5784.5,1977.0,-0.0047369463462143
636,5707.5,1982.5,-0.0099174366573459
637,5728.5,1995.5,-0.0068774705285897
638,5770.0,2019.5,0.0026473972533385
639,5805.0,2052.0,0.0271750272271199
640,5849.5,2082.0,-0.005079807794092
641,5880.5,2087.5,-0.001844421293649
642,5905.0,2040.0,0.0164273426639199
643,5865.0,2036.5,-0.0104645012701473
644,5893.0,2050.0,0.0157485585823226
645,5957.0,2038.5,0.0105531585100998
646,5961.5,2061.5,0.0005094849012236
647,6015.0,2047.5,-0.0001740656811552
648,6061.0,2041.5,0.0002633972982448
649,6073.0,2044.5,0.0062745377235739
650,6017.0,2026.0,-0.0219573699815749
651,6128.5,2063.0,-0.0008109751012306
652,6188.0,2070.0,0.0003778127724386
653,6232.0,2131.0,-0.0060350751432049
654,6300.0,2156.0,0.0189794329133843
655,6412.0,2193.5,-0.020193663869773
656,6571.0,2261.5,-0.0034201823798011
657,6498.5,2194.5,0.0212956918289267
658,6386.0,2200.5,-0.0021063552497088
659,6436.5,2225.5,-0.0128023293622621
660,6448.0,2182.5,0.0069066349554776
661,6487.5,2200.5,-0.0029245712317943
662,6534.5,2245.0,-0.0103392664449947
663,6486.0,2213.0,-0.0076727953582254
664,6544.5,2239.5,0.0045236768915033
665,6415.0,2218.0,-0.0226937588756108
666,6420.5,2237.0,-0.0021602001890598
667,6477.0,2246.5,-0.0166232762906842
668,6474.0,2297.0,0.0095659364089864
669,6430.5,2286.5,-0.0123647840967651
670,6413.0,2318.5,-0.0228639663971015
671,6490.0,2324.0,-0.0037112180106778
672,6453.0,2339.5,-0.0233480707939587
673,6494.5,2409.0,0.0168483578948745
674,6478.5,2412.0,-0.0070516635326785
675,6308.0,2404.0,0.0109966011446194
676,6396.5,2397.0,-0.0169343821782406
677,6386.0,2410.0,0.0206717561968516
678,6432.5,2401.0,-0.0185729142485238
679,6256.0,2375.0,0.0119394270029675
680,6366.5,2367.5,-0.0010043586906225
681,6446.0,2442.0,-0.0061616034654146
682,6567.5,2458.5,-0.0036873521205611
683,6685.0,2505.0,0.0082825693114212
684,6601.5,2489.0,-0.0128219843204429
685,6490.0,2456.0,0.0159682016802387
686,6516.0,2445.5,-0.0033847377122008
687,6529.0,2482.0,-0.0048753893058985
690,6667.0,2515.0,0.0090869450313076
691,,,-0.0124090319008163
692,6687.5,2553.0,0.0344825573642913
693,6697.0,2533.5,0.001088680749098
694,6563.5,2514.0,0.0195727379605428
695,6710.0,2483.0,0.0073700157372924
696,6789.0,2509.5,-0.0070881441271836
697,6668.0,2417.0,-0.0117861158197035
698,6734.0,2423.0,0.0045854320931121
699,6668.5,2416.5,-0.0115190430779686
700,6739.0,2471.0,-0.0102489581033855
701,6796.0,2480.5,0.0060696855084423
702,6761.5,2496.5,-0.0047929446806406
703,6777.0,2528.0,0.0139038656872684
704,6780.5,2514.0,0.0107014984045737
705,6812.5,2538.0,-0.0013709365801888
706,6691.5,2458.5,0.0019038683678059
707,6780.0,2464.5,0.003712387608589
708,6604.5,2404.0,-0.0221292381141137
709,6523.5,2370.0,0.0041532044694898
710,6545.0,2369.0,0.0229442677615228
711,6572.0,2432.0,-0.0113020260252278
712,6579.0,2424.5,0.0254433934603189
713,6672.0,2403.0,-0.0035308601738151
714,6387.0,2326.5,-0.0153372704798212
715,6553.0,2327.0,0.025103706705936
716,6528.5,2326.5,-0.0027896852044681
717,6530.0,2363.0,-0.0168583825575693
718,6679.0,2357.0,-0.0062396870974625
719,6683.0,2365.0,0.0026947844732265
720,6763.0,2434.0,0.0035799560907169
721,6737.5,2440.0,0.0013910195641869
722,6692.0,2417.0,-0.0056540819815701
723,6716.0,2417.0,-0.0164834584363814
724,6749.0,2425.5,0.0021357021739346
725,6740.0,2436.0,-0.0019817642405352
726,6779.5,2491.0,-0.0138039130194795
727,6899.0,2529.5,-0.0001901518298208
728,6991.5,2568.5,-0.0052216172817399
729,6922.5,2578.5,0.0003404288288956
730,6867.5,2558.5,-0.0010756042755444
731,6781.0,2539.5,-0.0037333627320872
732,6798.0,2545.0,0.0017274114106002
733,6748.0,2529.0,-0.0004584534403621
734,6729.5,2531.5,-0.0022281057252508
735,6718.5,2523.0,-0.0073158335700119
736,6762.0,2540.5,-0.0062555875725066
737,6816.0,2566.5,0.0063862595733008
738,6837.5,2593.5,-0.0070538947407653
739,6852.5,2615.5,0.0009866763442863
740,6946.5,2634.5,0.0011679545556786
741,6916.0,2641.5,0.0063298102834517
742,6932.0,2645.0,0.0058284017072235
743,6885.0,2624.0,-0.0012127727498135
744,6934.0,2626.0,-0.0093684486133473
745,6982.5,2629.0,-0.0182579062638773
746,7108.0,2679.5,-0.0037242584776117
747,7068.0,2689.5,0.013252019735774
748,7088.5,2747.0,0.0093405840528318
749,7093.0,2759.0,0.0059391611870294
750,7277.5,2793.5,0.0018665582632749
751,7177.5,2729.5,0.0117675480279357
752,7293.0,2757.0,0.0005982867945674
753,7300.0,2754.5,0.0122881633617143
754,7402.5,2760.5,0.0223660593145932
755,7499.5,2795.0,0.0053577981773666
756,7580.0,2790.5,-0.0028934742799751
757,7694.5,2770.0,0.0107808414475288
758,7673.0,2747.5,-0.0171717735196584
759,7674.5,2756.0,-0.0060822390586826
760,7760.5,2757.0,-0.0166936900247553
761,7710.0,2786.5,0.015851947183135
762,7699.0,2799.5,0.0119518786962279
763,7723.0,2855.5,-0.0173324977142159
764,7878.0,2867.0,0.0116657387821887
765,7772.5,2795.0,0.0006523268391391
766,7751.0,2836.0,0.0022238370981755
767,7782.5,2814.5,0.0024128895772055
768,7836.0,2832.0,-0.0041800332117849
769,7920.0,2856.0,0.0083883635413945
770,7985.0,2872.5,-0.0032874300736291
771,7846.5,2834.5,-0.015467013711165
775,,,-0.0096412505126698
776,,,0.0016640636806527
777,7859.5,2762.0,-0.0026987166177325
778,7847.5,2784.5,0.0103479481780179
779,7766.0,2751.0,-0.0121435161953469
780,7860.5,2792.0,0.0077092079902806
781,8002.0,2813.0,0.0202489846122466
782,8037.5,2860.0,-0.0169036600902933
783,8179.0,2888.0,0.0102921010540033
784,8131.0,2813.5,0.0058127505301792
785,7864.0,2767.5,0.0108867577940943
786,7975.5,2778.0,0.0088221939326206
787,8009.0,2773.5,0.0089586847874585
788,8048.5,2757.0,-0.0035016366581134
789,7949.0,2699.0,-0.0042019605567161
790,7971.5,2682.5,0.0041259855782984
791,7954.0,2686.0,-0.005208834250398
792,8044.5,2728.0,-6.4763140679e-05
793,8021.5,2709.0,0.0232217344023945
794,7997.5,2715.0,0.0046846569637618
795,7969.0,2705.5,0.00263785539967
796,8008.5,2656.5,0.0028654662688124
797,7825.0,2583.5,-0.0038510143532763
798,7873.0,2592.5,-0.0023716427336617
799,7856.0,2579.5,-0.0091657686968491
800,7798.5,2570.5,-0.0070679615662691
801,7777.0,2569.5,-0.0031734718099248
802,7842.5,2615.0,0.0210668217340768
803,7823.0,2627.0,-0.0029915361036996
804,7912.5,2665.5,0.0075994280889365
805,8037.0,2651.0,-0.0256858591649669
806,8147.5,2695.5,-0.0096266026137258
807,8299.5,2725.0,0.0043592680075404
808,8280.5,2789.5,0.0067196743450601
809,8332.0,2834.0,0.0022297577004809
810,8393.5,2842.5,0.0053120572925452
811,8405.5,2827.5,0.0319455276070767
812,8390.0,2816.0,0.0145981718174653
813,8553.0,2855.5,0.0274342210025544
814,8909.5,2881.0,0.0138247319178542
815,9097.0,2899.0,-0.004055700819144
816,9206.5,2854.5,-0.0019756014183997
817,9308.5,2846.5,-0.0120223734633439
818,9412.5,2890.0,0.0015378843584877
819,9077.0,2792.5,0.01515148612559
820,9044.0,2816.0,-0.0076351764247291
821,9170.5,2851.0,-0.0104028397997351
822,9101.5,2787.0,0.0084523328983284
823,8907.5,2748.5,-0.023019587392269
824,8895.5,2773.5,0.0141689287220336
825,8998.5,2782.0,0.000755849908109
826,8779.5,2777.5,0.0097847381600479
827,8861.5,2764.0,-0.0127221387351865
828,9057.5,2823.0,-0.0032140482849525
829,9085.0,2804.0,0.0056183755166212
830,9144.5,2858.5,0.0113542018500543
831,8960.5,2810.0,-0.0158233394562303
832,9065.5,2827.0,-0.0045000694833307
833,9055.5,2792.0,-0.004566575397302
834,9057.0,2837.0,0.0131993357648865
835,9108.5,2866.0,-0.011712281913944
836,8980.0,2838.5,-0.0006711506670331
837,8977.5,2800.5,-0.0105291199436439
838,8779.5,2771.0,-0.003459590702331
839,8962.0,2830.5,-0.0016535245470816
840,8865.0,2829.5,0.0162463542369497
844,,,-0.0176472703406689
845,,,0.0025847539032177
846,9047.0,2824.0,-0.0002920118047198
847,8915.5,2832.5,0.0182294825236173
848,9008.0,2854.5,-0.0055861407881177
849,8926.5,2829.5,0.0061004280370286
850,8861.0,2758.0,0.008230540602729
851,8899.5,2785.5,-0.0049222960169345
852,9074.5,2823.0,0.0212623556382355
853,9284.0,2864.5,0.0055315060913556
854,9211.0,2856.0,0.0127530001034671
855,9376.0,2846.0,-0.0073301898070853
856,9322.0,2814.0,0.005484658114786
857,9445.0,2815.0,-0.0011776836189937
858,9401.0,2822.5,0.007064244688167
859,9551.5,2852.0,0.0041309340027844
860,9751.0,2915.0,0.0010821620091246
861,9855.5,2925.5,-0.0084835095932101
862,9876.0,2919.5,-2.880603313539995e-06
863,9885.0,2919.0,0.0102055341021905
864,9825.0,2926.0,0.0106471726363631
865,9966.0,2968.0,0.0076955755305306
866,9949.5,2933.0,0.0044593467339248
867,10092.0,2943.5,0.0016520574317808
868,10417.0,3015.0,0.0119954068864754
869,10382.0,2991.5,0.0066835898184952
870,10460.0,3009.0,-0.0160082889012173
871,10445.5,2969.0,-0.0126831925472348
872,10342.0,2920.0,-0.0110857593084869
873,10240.5,2938.0,-0.0001867226285099
874,10373.0,3014.0,-0.0023124197311901
875,10405.0,3057.0,-0.0205875489593187
876,10001.5,2939.0,0.0142087060939735
877,10048.0,2959.5,-0.0143850186348471
878,9881.5,2971.0,0.0108366970965745
879,9947.0,2948.5,-0.0067233427899186
880,9918.0,2982.5,0.0039402056191235
883,10258.0,3060.0,-0.0155821161379648
884,,,-0.0037104150666605
885,10245.0,3064.0,0.0081927609859013
886,10147.5,3082.5,-0.0018291067890927
887,9788.5,2984.5,0.0007417256965531
888,9955.0,3010.5,0.0006257491999465
889,9900.5,2999.5,-0.000927213633993
890,9964.0,3016.5,-0.004981566375366
891,9978.5,3019.0,-0.0032040077471944
892,9890.0,2995.0,-0.0360459144937569
893,10003.5,3044.5,0.0117891397142912
894,9971.5,3044.5,0.000873702018052
895,9569.5,3029.0,0.0126276708089295
896,9667.0,3024.0,-0.0013588891864784
897,9315.5,2911.5,0.0044959095876252
898,9145.5,2822.5,0.0083780101936089
899,9180.0,2837.0,-0.0146378568926505
900,9301.0,2861.5,0.0023351120776786
901,9482.5,2893.0,-0.0018523360870444
902,9419.0,2916.0,-0.0212563215047436
903,9413.5,2907.5,-0.0038252867251139
904,9388.0,2905.0,0.006560671424936
905,9334.5,2950.5,0.0070211548977988
906,9374.5,2974.5,0.0106713357428636
907,9322.0,2938.5,-0.0174036315478135
908,9376.5,2935.0,0.0070945090029793
909,9511.0,2945.5,-0.00557310304503
910,9312.0,2934.5,0.0061380284511759
911,9455.0,2958.5,-0.0023952308183191
912,9323.0,2933.5,0.005470498546124
913,9519.5,2977.0,-0.0043930359784116
914,9409.0,2949.5,0.0007044844621099
915,9412.5,2934.5,-0.0178468371806382
916,9342.5,2925.5,-0.0132902716619455
917,9486.5,2968.5,0.0173373273877733
918,9427.0,3003.0,0.012381189216202
919,9222.0,2977.0,0.0068212504140776
920,9336.0,2962.0,-0.0004432949196445
921,9347.0,2929.0,0.0143067305298667
922,9441.5,2938.5,0.0042977707200355
923,9516.0,2963.0,-0.0064507823230444
924,9809.5,3011.0,0.007906031887534
925,9758.5,2982.5,-0.0193957794794454
926,9686.0,2979.5,-0.0105643762213796
927,9823.5,2998.0,0.0103851983682037
928,9728.0,3027.0,-0.0092903960115088
929,9700.5,3050.5,-0.0156375075099503
930,9541.5,2969.5,0.0124913698621432
931,9466.0,2973.5,0.0003256336632384
932,9491.5,3028.5,-0.0003111375705887
933,9468.0,2983.5,-0.015289089327749
934,9369.5,2951.5,0.012209731907183
935,9520.5,3000.0,-0.0028395852791742
936,9512.0,3043.5,-0.0126409130162185
937,9467.5,2992.5,-0.0155218095031056
938,9570.0,3033.5,-0.0124174765457727
939,9442.0,3031.0,-0.0052725616096529
940,9247.5,3015.0,0.0237735379822212
941,9042.5,2985.0,0.0256628881294892
942,8894.0,2951.5,-0.0189409300126086
943,9037.0,2928.5,-0.0047826391332312
944,9273.5,2929.0,0.0019056687060058
945,9376.0,3018.0,0.0118123183242438
948,9410.0,3002.0,-0.012218765652965
949,,,0.0052210774844646
950,9520.0,3003.5,-6.16906810494e-05
951,9335.5,2981.5,-0.0015987133534678
952,9376.5,2979.0,-0.0227011034849789
953,9431.0,2996.5,-0.0168102374705671
954,9450.5,3007.5,0.0104643870873362
955,9350.5,3044.0,0.0181347493392893
956,9249.0,3062.0,-0.0025866472781585
957,9387.5,3075.5,-0.0020889207832134
958,9694.5,3119.0,0.011733452427659
959,9562.5,3084.5,-0.0295434041084911
960,9442.0,3052.0,-0.0077804981945002
961,9627.0,3075.5,-0.0061638208631495
962,9366.5,3082.0,0.0056302709037677
963,9312.0,3088.0,0.0181848136503203
964,9033.0,3014.0,-0.0227653153202657
965,8975.5,2978.0,-0.0057169318469046
966,9286.0,3025.5,0.0228467699246287
967,9273.5,3091.0,-0.0137254153236171
968,9332.5,3128.5,-0.0042226586212989
969,9362.0,3067.5,-0.002308224952308
970,9269.0,3079.0,0.0230449911921151
971,9155.0,3054.0,0.0021614164019702
972,8936.5,2988.0,-0.0183661485032423
973,9128.0,2982.5,-0.0035465879367126
974,9250.5,3016.0,0.0140504865118797
975,9174.0,3046.5,-0.0240516444292652
976,9045.5,3014.5,-0.0055064954139185
977,9280.0,3049.5,-0.0183719971504489
978,9361.0,3151.0,-0.022108740928082
979,9543.0,3230.0,-0.0027340659536966
980,9465.0,3263.0,-0.0433660784695729
981,9651.0,3401.5,0.0178641788001002
982,9984.0,3528.5,0.0477693081818975
983,10281.0,3794.5,-0.0121564363650619
984,10196.0,3696.5,0.0029551063445486
985,10149.5,3508.0,-0.0182881977038064
986,10185.5,3563.5,0.0132336176417072
987,9831.5,3429.5,0.0019842969221352
988,9704.0,3447.5,0.0017522735887249
989,9867.5,3459.5,0.0013012305418139
990,9788.5,3425.0,-0.0197214263535359
991,9548.0,3335.0,0.0124290949797061
992,9666.5,3372.0,-0.0017689560987792
993,9496.0,3378.5,0.0067734019457237
994,9555.0,3357.5,0.0182500293332485
995,9495.5,3342.5,0.0120447061573604
996,9458.5,3307.0,-0.0006011192813331
997,9439.0,3240.5,-0.01201138397697
998,9518.0,3228.5,-0.0052904256596131
999,9637.5,3271.0,0.0144439287795489
1000,9553.0,3281.5,0.0115259876198104
1001,9533.0,3292.0,0.0116551538475435
1002,9633.5,3279.0,-0.0135095296735125
1003,9711.0,3267.5,-0.0066264611885224
1004,9673.0,3217.0,0.0141060839380615
1005,9561.0,3223.0,-0.0032200440141001
1006,9406.5,3192.0,-0.0252976651176802
1007,9441.5,3159.0,0.0126406865245462
1008,9646.5,3238.0,0.0063981192376064
1009,9726.5,3348.5,0.0030810223917342
1010,9710.5,3301.0,-0.0026631297706872
1011,9835.0,3322.0,0.0110926499099383
1012,9801.5,3300.5,-0.0149772551763506
1013,9460.0,3194.0,-0.0004658635700396
1014,9577.5,3198.0,0.0232909882367665
1015,9442.5,3200.5,-0.0131626993664488
1016,9444.0,3202.5,0.0088789685819218
1017,9496.0,3146.0,-0.010610950820848
1018,9418.0,3161.5,-0.0195754112986229
1019,9505.0,3162.5,-0.0123001498637098
1020,9595.0,3226.5,-0.0085145867946905
1021,9652.5,3310.0,-0.0051735409751929
1022,9534.5,3310.0,0.002419812803056
1023,9506.5,3328.5,-0.0127997555123908
1024,9447.5,3325.0,-0.0120447540740786
1025,9412.0,3304.5,0.0028907553892324
1026,9199.5,3271.5,0.0105950337709214
1027,9507.5,3422.0,-0.0123083501821284
1028,9437.5,3387.0,-0.0222639347675399
1029,9446.5,3354.5,0.001795377059546
1030,9534.0,3427.5,-0.0023173277514797
1034,,,-0.0043998024557456
1035,,,0.0025633064734054
1036,9680.5,3513.0,-0.0147392865187407
1037,9691.5,3532.5,-0.0027426625757011
1038,9720.5,3534.0,-0.0067226940184464
1039,9768.0,3604.0,0.016897577343244
1040,9698.0,3588.0,0.0072842980113189
1041,9531.0,3550.0,-0.006286056654355
1042,9647.0,3533.0,0.0359560156597887
1043,9563.5,3477.0,-0.0137706249427627
1044,9719.5,3556.0,-0.0122941132382832
1045,10064.0,3552.0,0.0048814546828002
1046,9958.5,3563.5,-0.0223469049588889
1047,9719.5,3521.0,0.0129027450275094
1048,9731.0,3508.0,-0.0038320106476237
1049,9676.0,3567.0,-0.0009359125063868
1050,9841.5,3581.5,-0.0107332465811259
1051,9990.0,3649.5,0.0138935288017579
1052,9941.0,3635.0,0.0012734736496584
1053,9728.0,3595.5,-0.0193186818358148
1054,9801.0,3572.5,-0.022661880055802
1055,9916.5,3610.0,0.0063741007856775
1056,9782.0,3630.5,0.0152511437537416
1057,9507.5,3609.5,0.0125601776575994
1058,9506.0,3586.0,0.0030349505783358
1059,9696.5,3602.5,-0.0035239899661992
1060,9839.5,3610.0,-0.0099785456914603
1061,9832.5,3596.5,0.0092246808360799
1062,9841.5,3612.5,0.0137943541350962
1063,9777.5,3625.0,0.0032759971179626
1064,9781.0,3593.0,-0.0182556899833766
1065,10059.0,3644.5,0.0204587336253553
1066,10254.0,3703.0,0.0027812025902125
1067,9860.5,3626.5,0.0018464988284331
1068,9920.0,3574.5,-0.0124946732203258
1069,9968.5,3582.0,0.0112097147287005
1070,9992.5,3584.0,-0.0009362307129811
1071,9929.0,3606.0,-0.011407136051204
1072,9956.0,3575.5,0.0043818359638094
1073,9898.0,3558.0,-0.0194754305299096
1074,9915.0,3605.0,0.0062820573073221
1075,9866.0,3571.5,-0.0111499033537348
1076,9864.0,3641.0,-0.0037378957199447
1077,9873.0,3621.5,-0.0199050531597777
1078,9883.5,3666.0,0.0027413349701621
1079,10061.5,3746.0,-0.0020168230215739
1080,10166.0,3861.0,-0.0525320660032537
1081,10351.0,3920.5,-0.0126536036508915
1082,10674.0,4051.0,0.0278929143982738
1083,10281.5,4112.5,0.0312187351042808
1084,10209.0,4135.5,0.019055005151645
1085,10001.5,3940.0,-0.0231309101839409
1086,10117.0,3863.0,-0.0002330849551669
1087,10183.5,3815.0,0.0122710508875315
1088,9935.0,3809.0,0.0141702133249504
1089,9904.0,3798.0,0.0084238450846193
1090,10054.0,3808.5,-0.0328515956793369
1091,10243.0,3825.5,0.010659759240791
1092,10331.0,3826.0,-0.0366234561500859
1093,10295.0,3940.0,0.0064271525238171
1094,10268.0,3888.0,-0.0147888830922974
1095,10438.5,4100.0,0.0020308502873312
1096,10349.5,4039.0,0.0125398333943641
1097,10267.0,4066.5,-0.024914301586162
1098,10341.0,4087.5,-0.0051645179795606
1099,10316.5,4027.0,-0.0409633338263789
1100,10367.5,4149.0,0.0042036393861903
1101,10375.0,4173.5,0.0153952357415372
1102,10353.5,4339.0,-0.0092005376639897
1103,10469.0,4369.0,0.0209574268082077
1104,10455.0,4296.5,-0.014590880718352
1105,10305.0,4274.0,-0.0202955977786008
1106,10311.5,4188.0,-0.0060234515229717
1107,10323.5,4254.5,-0.0235647834481537
1108,10200.5,4290.0,0.0127092743463635
1112,,,0.0101162936225619
1113,,,-0.0011705518501798
1114,10304.5,4498.5,-0.0136722637287616
1115,10223.0,4418.0,0.0275476846042644
1116,10285.0,4450.0,0.0056801040587533
1117,10110.0,4434.5,-0.0089741826857479
1118,9769.0,4168.5,0.0036027704990287
1119,9860.0,4183.5,0.0146059130236986
1122,9769.5,4107.0,0.0058423598293399
1123,,,0.0170636180707761
1124,9410.0,3961.5,0.0265894991088904
1125,9473.5,3965.0,0.0235337414804571
1126,9489.5,3904.5,0.0038779313222309
1127,9414.5,3772.0,-0.0075339689169837
1128,9237.5,3615.0,0.0113536441753427
1129,9228.5,3597.5,0.0191015057015992
1130,9340.0,3668.5,-0.012342216092499
1131,9090.0,3530.0,-0.0134231156109195
1132,9159.0,3489.5,-0.002686623428839
1133,9238.5,3563.5,-0.0064133999796882
1134,9366.0,3661.5,0.0027112682754191
1135,9235.0,3620.0,-0.0078028004198016
1136,9415.5,3714.5,-0.0111345488978275
1137,9422.0,3707.0,0.0020569445451698
1138,9548.0,3786.0,0.0018714176819002
1139,9453.5,3790.5,-0.0172322095947113
1140,9373.0,3750.5,-0.005880108035098
1141,9353.0,3735.5,-0.0133851094101347
1142,9459.0,3843.5,0.0180888160989178
1146,,,0.0150865737348314
1147,,,-0.0032406256646286
1148,9745.0,3873.0,0.0038027676647924
1149,9699.0,3797.0,0.0010727726562047
1150,9730.0,3821.5,0.0052457781037786
1151,9615.0,3762.0,-0.0021401310186747
1152,9447.5,3692.5,-0.0129005374148793
1153,9294.0,3613.5,0.0011525192775152
1154,9230.5,3596.5,0.0026787601387255
1155,9230.0,3643.0,0.0034881272071188
1156,9074.5,3577.5,-0.0190112201491505
1157,8961.5,3523.5,-0.009418431310204
1158,8977.5,3517.5,-0.0295701681055312
1159,8995.0,3592.0,0.0380357757329861
1160,8773.0,3536.5,0.0139437870050457
1161,8409.0,3491.5,-0.0107073740948613
1162,8381.0,3350.0,-0.0038335337823811
1163,8417.5,3318.0,0.0451504454804466
1164,8365.5,3333.0,0.0156308634242392
1165,8401.0,3360.0,-0.0341915913774861
1166,8258.0,3157.0,-0.0016249346678631
1167,8048.0,3029.0,-0.0216873298342089
1168,8006.0,3118.0,0.0026942449370324
1169,7670.0,2992.0,0.0013676642392157
1170,7520.5,2998.0,-0.0101576373964842
1171,7822.5,3110.0,-0.0222785644791183
1172,7805.5,3099.0,0.0179043832650577
1173,7584.5,3042.0,0.0046356643637869
1174,7354.0,3016.0,-0.0109620898203736
1175,7325.5,2951.0,0.0015535026148261
1176,7170.0,2875.0,-0.0009535629774481
1177,7190.5,2915.0,-0.0057648425022219
1178,7426.5,3006.0,0.0161094162687777
1179,7277.5,2948.5,-0.001395015825677
1180,7378.0,3006.5,0.0058914680845221
1181,7322.0,2936.0,-0.0101024868708297
1182,7452.5,2992.5,0.0083232797760154
1183,7479.0,2985.5,-0.0178846437619125
1184,7536.5,3039.0,-0.0260874203872131
1185,7637.0,3054.0,-0.0183314940255095
1186,7762.0,3160.0,0.0031553925412535
1187,7917.5,3308.5,-0.0060388798602617
1188,7819.5,3328.0,-0.045099356670548
1189,7806.5,3312.0,0.00738350146997
1190,7677.5,3277.0,0.0271590394729427
1191,7727.5,3450.5,-0.0266320447187733
1192,7870.5,3488.5,-0.0073965826640836
1193,7987.5,3445.5,-0.010621620419246
1194,7983.0,3536.5,0.0167819757229084
1195,8085.5,3608.5,-0.0067453123074038
1196,8173.0,3686.5,-0.030118585934029
1197,8091.5,3589.0,0.037269917072328
1198,7980.0,3563.5,0.0251499797290942
1199,7979.0,3672.0,0.001524550217942
1200,7924.5,3513.5,-0.0091156635190631
1201,8031.5,3472.5,0.0151001912089492
1202,8078.5,3487.5,-0.0188735144275947
1203,8027.0,3497.0,0.0019217724675468
1204,8120.0,3484.5,-0.0010527051947101
1207,8160.5,3565.5,-0.0014965885564969
1208,,,0.0329876701962565
1209,7864.0,3482.0,0.0435126786767673
1210,7801.5,3459.5,-0.0168984967366308
1211,7597.0,3259.5,0.0135894138323858
1212,7633.0,3135.5,0.0057670130176352
1213,7653.5,3197.5,0.0230847870012119
1214,7683.0,3166.5,-0.006836437495105
1215,7622.5,3123.5,0.0034084707062373
1216,7810.5,3127.5,-0.0204925181521723
1217,7856.5,3167.5,-0.0091335853447235
1218,7955.5,3196.5,0.0039400930378061
1219,7868.5,3227.0,0.0146060441431057
1220,7803.0,3229.5,0.0074438267363485
1221,7729.5,3186.5,0.0008317475360331
1222,7762.0,3153.5,-0.0038798034595581
1223,7758.0,3128.5,-0.0004687169824062
1224,7690.0,3098.5,0.0159364998777601
1225,7680.0,3106.5,0.023171790813742
1226,7433.0,3008.0,0.0123150600599775
1227,7341.5,2924.0,-0.0104218515735838
1228,7353.0,2861.5,-0.0106727739471516
1229,7422.0,2853.0,-0.0043719191517389
1230,7542.0,2929.5,-0.0012131826227134
1231,7560.0,2968.0,-0.0040157622377485
1232,7508.0,2960.5,-0.034240643477078
1233,7718.0,3047.0,0.0223039461617886
1234,7679.5,3044.0,0.0253302798969169
1235,7607.5,3120.5,0.0143558629466054
1236,7457.5,2991.5,0.0001161614487935
1237,7578.5,2964.0,0.0062861771412855
1238,7596.0,2928.5,-0.0182602213274404
1239,7545.0,2908.5,0.0288364863256813
1240,7573.0,2901.0,-0.0178408838544379
1241,7538.5,2941.0,-0.0169810062962143
1242,7562.5,2866.5,0.001109458296739
1243,7421.0,2863.5,0.0205839521160896
1244,7386.5,2899.0,-0.0191529849021809
1245,7560.5,2964.0,0.0137030189235549
1246,7624.0,2928.0,0.0202693956076022
1247,7556.0,2958.0,-0.0013285590339512
1248,7523.0,2905.0,0.0138064639860146
1249,7792.0,2948.5,0.0317950833999996
1250,7764.5,2942.0,0.0096585858272383
1251,7550.0,2821.5,-0.0051588579218406
1252,7450.0,2697.0,0.001797860128954
1253,7652.0,2743.5,0.0136642333417927
1254,7626.5,2748.5,-0.0272107498180427
1255,7561.0,2720.0,0.0096070918422559
1256,8099.0,2874.0,0.0254410003412345
1257,7914.5,2886.0,0.0097644996667636
1258,8115.5,2931.0,-0.0212000191544609
1259,8104.5,2853.5,-0.0486986777599704
1260,8271.5,2884.0,0.0065862863965149
1261,8492.5,3024.5,0.0088583606585933
1262,8375.0,3131.5,-0.0003552728895591
1263,8376.5,3111.5,-0.0188242265184237
1264,8293.5,3053.5,0.0176096861104425
1265,8110.0,2987.0,0.0137531558070986
1266,8076.0,3031.0,0.0017497939969436
1267,7880.5,2906.0,0.0005382651760081
1268,8013.0,2914.5,-0.0049687959507257
1269,8005.0,2906.5,-0.0117714959074632
1270,8041.0,2918.0,0.0106662969402563
1271,8008.0,2920.5,-0.0097368398806995
1272,7959.0,2937.0,-0.0020279298007358
1273,8037.5,2934.5,0.0137453335606689
1274,8239.0,3037.5,-0.0221561015380715
1275,8336.0,3079.5,-0.0059229142159716
1276,8450.0,3079.0,-0.0043713285406719
1277,8391.0,3126.0,-0.00649149296595
1278,8421.5,3156.0,-0.0012351398822058
1279,8456.5,3183.0,-0.0288899957060898
1280,8543.0,3236.5,-0.0002943131601961
1281,8543.0,3240.5,0.0266949122600983
1282,8374.0,3269.5,-0.0019951508125205
1283,8497.0,3318.5,0.0427167947984659
1284,8516.5,3238.5,0.0084411022318646
1285,8293.5,3160.0,-0.0189985850997713
1286,8266.5,3018.0,0.0286242849789443
1287,8320.0,3012.0,0.0107091564272943
1288,8354.5,3082.5,-0.0010681768212762
1292,,,0.0040462895315281
1293,,,-0.0014505867208579
1294,8443.0,3005.5,-0.0159256611675795
1295,8418.0,2984.5,-0.0050502587365992
1296,8372.0,2972.5,0.0104002713524423
1297,8321.5,3002.0,0.0192116199040159
1298,8252.0,2992.0,-0.0275031811824205
1299,8374.5,3005.0,0.0200461950838998
1300,8589.5,3023.5,0.0089587424810029
1301,8859.5,3205.5,-0.0020212169615689
1302,8912.0,3160.5,-0.0271486890004925
1303,9124.5,3207.0,-0.0029736559122625
1304,9187.0,3235.5,0.0227257839780103
1305,9185.5,3324.0,-0.0289162497588653
1306,9104.5,3304.5,-0.0172333164354303
1307,9287.0,3295.0,0.0127451433094899
1308,9323.5,3405.0,0.0034261275484219
1309,9305.5,3457.5,-0.0069274572361739
1310,9324.0,3420.5,-0.006105557562485
1311,9356.0,3420.5,-0.0089150395281196
1312,9314.5,3429.0,0.0140607339554942
1313,9314.5,3450.0,-0.0152680769702546
1314,9329.5,3486.5,0.0180355457023016
1315,9263.5,3413.5,-0.0030775181167546
1316,9210.0,3446.0,-0.0136078581521715
1317,9222.5,3389.0,0.0345934928236128
1318,9087.0,3349.5,0.0224720746187623
1319,9052.5,3382.5,0.0042573500738132
1320,8980.5,3241.5,-0.0022123523991252
1321,8871.5,3131.0,0.0130033772342115
1322,8925.0,3136.5,0.0120451879318167
1323,8892.5,3132.0,-0.0088684958878454
1324,8983.0,3123.0,0.0058049223033179
1325,8857.5,3042.5,0.010983100209729
1326,8938.0,3097.5,0.0234940592011382
1327,8946.5,3082.5,-0.02192498216399
1328,8857.5,3018.5,-0.0050033617531568
1329,9023.0,3003.5,0.0033989256162157
1330,8987.5,3058.0,0.01568900383283
1331,9141.5,3126.0,-0.0157042355567126
1332,9200.5,3135.5,0.0022241260878215
1333,9112.0,3057.0,0.0015293053394353
1334,8904.0,3034.5,0.013895507347924
1335,8716.5,2964.0,-0.0221631823884664
1336,8802.0,2988.5,0.0061774603672302
1337,8961.0,3000.5,-0.0068451821193975
1338,9100.5,3115.5,0.0076926546825345
1339,8958.5,3048.0,0.0084705474253527
1340,8983.5,3077.5,0.0095511332115181
1341,8920.5,3032.5,-0.0061377810424751
1342,8763.5,2954.0,0.0140993315904381
1343,8910.5,2975.0,0.0039624772245312
1344,8853.0,2974.0,0.0016597215500925
1345,8867.0,2937.0,-0.0228919611899813
1346,8931.0,2946.5,0.0045563490481638
1347,8833.5,2909.5,-0.0057856523392806
1348,8504.5,2866.0,0.0168886304001635
1349,8518.0,2857.5,0.0141792283479334
1350,8580.0,2895.0,0.0143243157516135
1351,8697.5,2885.5,0.0017005047172998
1352,8757.5,2864.5,-0.0068527864187123
1353,8888.5,2866.0,-0.0023122696689694
1354,9031.0,2907.0,-0.0068176812249377
1355,8921.5,2891.5,-0.0079447531435441
1356,8964.0,2912.0,0.0120369070147839
1357,8978.0,2936.5,0.0023561843177488
1358,9002.5,2968.0,-0.0002408772132
1359,9001.0,2932.0,0.0045951676268795
1360,8993.0,2922.5,0.0184804308541082
1361,8917.0,2898.5,0.0058187668877144
1365,,,-0.0029457126900126
1366,,,-0.0026992319239693
1367,8854.5,2757.5,-0.0107212013703787
1368,8916.5,2785.0,0.002053970985036
1369,9058.5,2837.0,-0.008337055749731
1370,9023.5,2856.5,0.0233901806448667
1371,8964.5,2832.0,-0.0022754390398873
1372,9012.5,2871.0,0.0087955173627889
1373,8965.5,2790.0,0.0108818091279782
1374,8881.0,2770.0,0.0030992528281653
1375,8794.5,2719.0,-0.0142908498366923
1376,8730.5,2670.0,0.0130827055411503
1377,8528.0,2600.0,-0.0090122660945235
1380,8595.5,2647.5,-0.0131836841452638
1381,,,0.0058035526295478
1382,8514.0,2609.5,-0.0138036115810967
1385,8581.5,2686.5,0.0054134853969731
1386,,,-0.0082470882477194
1387,8591.5,2674.0,0.0105113843424036
1388,8475.0,2623.5,0.0090516113151315
1389,8163.5,2548.0,-0.0024979912795937
1390,8253.0,2549.0,0.0092222396997737
1391,8272.5,2532.0,0.0103685914302928
1392,8121.5,2492.0,0.0015196525662588
1393,8302.0,2524.0,0.004205273385788
1394,8172.5,2459.0,0.0214216709443329
1395,8251.5,2479.0,0.0003405383391663
1396,8127.5,2431.5,0.0255752884216575
1397,8102.0,2372.5,-0.0095523177489995
1400,8135.0,2343.5,0.0195377318856986
1401,,,0.0107258526865136
1402,8123.0,2302.5,-0.0180626635503308
1403,8089.0,2248.5,0.0196619591478239
1404,8243.5,2267.0,-0.012759688259744
1405,8237.0,2306.5,-0.0391787133274749
1406,8335.0,2288.5,0.0023294122435555
1407,8339.0,2319.0,0.0045331524313466
1408,8293.5,2398.5,0.0158261377894138
1409,8347.5,2408.5,0.0043013963910595
1410,8371.5,2404.5,-0.0373703046645897
1411,8310.5,2349.5,0.0081580375408944
1412,8460.0,2381.5,0.0020010993482809
1413,8509.0,2486.5,0.0135857685734697
1414,8558.0,2480.5,0.0332543721151866
1415,8566.5,2478.0,-0.017308026655666
1416,8540.0,2437.0,-0.0197392207260405
1417,8548.0,2359.5,0.0163331724663965
1418,8602.5,2416.0,0.0156166426614549
1419,8574.0,2456.0,-0.0281608160831664
1420,8390.5,2364.5,0.0
1421,8391.0,2328.0,-0.0033946261466319
1422,8363.0,2386.5,-0.0029296831912406
1423,8363.0,2386.5,0.0195505127204033
1424,8177.5,2341.5,-0.0238585428215756
1425,8315.5,2388.0,0.0175833022797454
1426,8398.0,2365.0,-0.0094777219185206
1427,8359.5,2411.0,0.0137423042407773
1428,8319.0,2357.5,0.0040565138424653
1429,8261.5,2363.5,-0.0072639912632945
1430,8370.5,2362.0,-0.0080277751441494
1431,8372.5,2353.0,0.0008082299799936
1432,8322.5,2356.0,0.0139064014719964
1433,8499.5,2425.5,-0.0093042494708806
1434,8694.0,2479.0,0.0041213748387856
1435,8673.5,2439.0,0.0097270024775914
1436,8491.0,2410.0,-0.0034395800246001
1437,8473.0,2395.0,0.0008807898118915
1438,8429.0,2359.5,-0.0111325541807334
1439,8485.5,2383.5,-0.0107438390952041
1440,8452.0,2372.0,-0.0006323576191363
1441,8517.0,2417.0,0.0022708256750048
1442,8673.5,2488.0,-0.006718560422812
1443,8617.5,2473.5,-0.0073467359848218
1444,8569.0,2454.0,-0.0245227418808541
1445,8662.5,2497.5,0.0200734144056298
1446,8831.5,2565.0,0.0108507266500321
1447,8631.0,2569.0,-0.0120395197066691
1448,8509.5,2482.5,-0.007318128731104
1449,8611.0,2485.0,1.79348231138e-05
1450,8573.0,2504.0,-0.0035509669935172
1451,8485.0,2496.5,0.0077454396522696
1452,8347.5,2456.0,0.0135435615652076
1453,8397.5,2479.5,0.0198622373365465
1454,8386.0,2457.0,0.003851141200892
1455,8294.5,2397.5,0.0095127954210469
1456,8291.5,2349.5,0.0020226080808074
1457,8199.5,2314.5,-0.0002630000570357
1458,8167.0,2283.5,-0.0034624207380059
1459,8235.5,2298.0,0.0043416789471132
1460,8240.5,2300.0,-0.0059398642955589
1461,8274.5,2317.5,-0.0206582831107595
1462,8362.5,2332.0,0.0043366385552978
1465,8355.5,2382.5,0.0048879964510594
1466,,,-0.0040691691693183
1467,8448.5,2440.0,-0.0131585600521414
1468,8472.5,2435.0,-0.0033049659362975
1469,8422.5,2430.5,0.0069596236660508
1470,8500.5,2485.5,-0.0098528356967497
1471,8452.0,2479.5,-0.0127274478048186
1472,8487.0,2472.5,0.0051467452644352
1473,8371.5,2463.0,-0.0074860156013374
1474,8321.0,2479.5,0.0109182072005398
1475,8242.5,2443.5,-0.0156880035337393
1476,8402.0,2509.5,-0.0172094731551756
1477,8391.0,2479.0,0.0180219858044637
1478,8417.0,2526.0,-0.0139815150221265
1479,8417.5,2570.0,0.0096138163701974
1480,8405.5,2520.5,-0.0165866880883609
1481,8359.5,2542.0,-0.0019475032535142
1482,8292.5,2497.5,-0.0155017839554794
1483,8345.5,2555.5,0.002430838241013
1484,8194.0,2514.0,0.0016151294080973
1485,8222.0,2562.0,0.0166734390878455
1486,8145.5,2532.0,-0.0438438044419466
1487,8091.0,2511.0,-0.0045768635466945
1488,8114.0,2476.5,-0.0079830651670413
1489,8217.5,2620.5,0.0328223411532571
1490,8270.5,2649.5,-0.003541070670469
1491,8053.0,2600.5,0.0002676670709207
1492,8006.5,2502.0,0.0054009100071847
1493,7949.5,2493.0,0.0055897022416159
1494,7899.0,2476.5,0.0063420460215034
1495,8046.0,2509.0,-0.0016317767929513
1496,8104.0,2513.0,0.0068412086823542
1497,8022.5,2472.0,-0.0038398889698383
1498,8024.0,2476.5,0.0034535841679396
1499,7991.0,2449.5,0.0095208666417082
1500,7949.0,2446.0,-0.006131011534991
1501,7976.5,2446.0,0.0116383957117706
1502,7970.5,2421.0,-0.0152687317527127
1503,7972.5,2436.5,0.0103626616222436
1504,7993.0,2414.5,0.0006684423591596
1505,7948.5,2438.0,-0.0176613017686302
1506,7972.0,2420.0,0.0125056378071914
1507,8051.5,2442.5,-0.0007652970776981
1508,8032.0,2480.0,0.0075416330054125
1509,7985.5,2435.0,0.0110170671368231
1510,8099.0,2471.5,-0.0287285615727595
1511,8140.5,2465.5,0.0129613972065914
1512,8110.5,2429.5,-0.0146080256023726
1513,8109.5,2500.0,-0.0114137909613888
1514,8143.0,2478.0,-0.0043259924445866
1515,8175.5,2524.5,-0.0216734415235102
1516,8238.0,2573.0,0.0034916110753327
1517,8186.5,2568.0,0.0019037817109274
1518,8142.0,2610.0,0.0197514845843466
1519,8147.0,2602.5,-0.0101428767181784
1520,8035.5,2562.0,-0.017420635501871
1521,8167.0,2553.0,0.025063406929239
1522,8235.0,2600.5,0.0138870617888893
1523,8265.5,2656.0,0.0162631073794093
1524,8220.0,2576.0,0.0090420210412128
1525,8267.0,2555.0,0.0088672924767209
1526,8430.5,2563.5,-0.0102092086947691
1527,8449.0,2546.0,-0.0040288216847806
1528,8353.5,2495.0,-0.0019873742888182
1529,8409.5,2537.5,0.0135388140045754
1530,8428.5,2553.5,0.0076792988401805
1531,8364.0,2539.0,0.0160539595872248
1532,8473.0,2537.5,0.0034603073741389
1533,8415.5,2501.0,0.0031270717610447
1534,8464.5,2475.5,-9.586871151798931e-06
1535,8610.5,2509.5,-0.0087227826883112
1536,8443.0,2453.0,0.0158360251621787
1537,8334.5,2421.5,0.0155989424886776
1538,8286.0,2428.5,-0.0159265740438643
1539,8342.0,2406.5,-0.0080387899145559
1540,8448.5,2399.5,-0.0013495982283664
1541,8341.0,2407.0,-0.0007936646994291
1542,8355.0,2430.5,-0.0158150888540215
1543,8330.0,2426.5,-0.0105698978084601
1544,8551.5,2493.0,-0.0035994367566682
1545,8549.0,2532.0,0.0020172348530645
1546,8482.5,2539.0,0.0116699014519882
1547,8593.5,2581.5,-0.0235425503318366
1551,,,-0.0074341804916127
1552,,,-0.0140399562991322
1553,8690.5,2641.5,0.0123224761551382
1554,8624.5,2641.0,0.0104133765412475
1555,8559.0,2658.0,0.0125955775262576
1556,8544.5,2621.0,-0.0100204546076199
1557,8517.0,2585.5,0.019325083356178
1558,8466.5,2538.0,-0.0071410668069452
1559,8463.0,2562.5,0.0033201171735003
1560,8448.0,2509.0,-0.0046545801060571
1561,8369.5,2503.5,-0.0065017349033259
1562,8370.5,2495.5,-0.012522105083033
1563,8355.0,2502.5,0.0013380300009813
1564,8339.0,2514.0,0.0219111172226281
1565,8381.0,2558.5,0.0064872777258805
1566,8354.5,2547.0,0.0051247496055806
1567,8268.0,2466.0,0.0015776344009386
1568,8310.0,2462.5,-0.018218601087706
1569,8351.0,2462.0,-0.0069061597876764
1570,8345.5,2456.5,0.0024431512508539
1571,8405.0,2519.5,-0.0017183974877957
1572,8562.5,2584.5,0.0114042608146367
1573,8568.5,2580.0,0.0017521896206252
1574,8545.5,2577.5,0.0137780731891935
1575,8558.0,2552.0,0.0111455736933993
1576,8615.0,2564.5,0.0047851774911235
1577,8608.5,2527.5,-0.0018190899794547
1578,8534.5,2478.0,-8.08388578015e-05
1579,8482.0,2451.0,0.002472967138901
1580,8359.5,2420.0,0.0165232220269884
1581,8402.0,2432.5,0.0086735849112893
1582,8312.0,2400.5,-0.0003938337949609
1583,8193.5,2327.5,0.0054047280923134
1584,8169.0,2300.5,-0.0067918627772481
1585,8235.0,2320.0,-0.0038265931374768
1586,8260.0,2314.5,0.0079596332865526
1587,8197.0,2312.5,-0.0133351881200393
1588,8314.0,2354.5,0.0171490368799631
1589,8489.0,2385.0,-0.0015652005567024
1590,8434.5,2401.5,0.0083096624525676
1591,8500.0,2379.0,-0.009704322862413
1592,8542.0,2394.5,-0.0199932466734401
1593,8584.5,2386.5,0.0019761825380049
1594,8567.5,2405.0,8.76774136408e-05
1595,8466.0,2424.5,0.0005606700682623
1596,8474.0,2422.0,0.0048933871736147
1597,8448.5,2414.5,-0.0085768146917058
1598,8493.5,2426.0,-0.0084350251210758
1599,8503.5,2417.0,-0.005943008226874
1600,8542.5,2449.0,-0.0087290792205665
1601,8491.5,2455.0,-0.0041218496377136
1602,8577.0,2494.5,-0.0069767850954509
1603,8640.5,2535.0,0.00280225528065
1604,8579.5,2527.5,0.0248721489388694
1605,8653.0,2567.0,0.0064944734643245
1606,8657.0,2561.0,0.0154578823485658
1607,8927.0,2576.0,0.0132604470866954
1608,8887.5,2548.0,-0.0019336509435993
1609,9072.0,2561.0,-0.0066142952143196
1610,9089.0,2532.0,-0.0038410673655086
1611,8976.5,2505.5,0.0067435925478885
1612,8928.0,2508.5,-0.0038861179534906
1613,8950.5,2524.5,0.0204312491631109
1614,8866.5,2484.0,0.0006380885168173
1615,8873.0,2495.5,0.0011552155584844
1619,,,0.0024981028567038
1620,,,-0.0271868890992182
1621,8991.0,2479.5,-0.0005075148214888
1622,9262.5,2548.0,-0.0008672558876281
1623,9359.0,2645.5,-0.0162980485439255
1624,9329.5,2638.5,-0.0141798795812565
1625,9411.5,2664.0,-0.011792356629203
1626,9417.5,2709.5,-0.012771766625594
1627,9374.0,2735.5,0.0317278757478791
1628,9342.0,2758.5,-0.0100799917009569
1629,9457.5,2828.5,-0.0122227849891573
1630,9576.0,2774.5,0.0251158681245503
1631,9468.0,2771.0,0.000484560024594
1632,9582.5,2839.0,0.0023178234031673
1633,9734.5,2812.5,0.0014536198880238
1634,9876.0,2852.0,0.0024125902142053
1635,9829.5,2832.0,-0.0058949565114305
1636,9706.5,2792.5,0.0115414701548115
1637,9773.5,2805.0,-0.0174728528876379
1638,9865.0,2848.0,-0.0083963780390739
1639,9965.5,2844.0,0.0058942670935577
1640,10135.5,2943.5,-0.0149583463033769
1641,9991.0,2926.0,0.0088153573562739
1642,9895.5,2881.0,-0.0074581813527575
1643,9765.5,2886.0,0.0059917414625708
1644,9910.0,2903.0,-0.0013252692032057
1645,10029.5,2960.0,0.0028040018750146
1646,9904.0,2905.5,-0.0046254237250828
1647,9904.5,2909.5,-0.0090442050062307
1648,10004.0,2930.5,0.0195262883095144
1649,10185.5,2997.5,0.0252529558273484
1650,10114.0,3003.5,-0.0005655632424733
1651,10219.0,2976.0,-0.0065109762919844
1652,10424.0,2960.0,-0.0109143542893808
1653,10668.0,3031.0,-0.0165311911035351
1654,10889.0,3114.0,-0.0001439781155751
1655,10859.0,3139.5,-0.0072182694959561
1658,10324.0,3057.0,-0.0052615834659414
1659,,,-0.0210256708640645
1660,10501.5,3100.0,0.0243547875076869
1661,10456.5,3103.0,0.0191708173527176
1662,10135.0,3071.5,-0.0169918841166471
1663,10040.0,2969.5,0.0225254950138118
1664,10143.0,2943.0,0.0063341432435923
1665,9945.0,2935.0,0.0115627170777355
1666,9925.5,2864.0,-0.0158454899128447
1667,10149.0,2910.0,0.0140423458303119
1668,9762.5,2767.0,-0.0246016639666107
1669,9899.0,2850.5,-0.0033806275023152
1670,9759.0,2771.0,0.0274513454935931
1671,9944.5,2894.0,-0.0250277456360765
1672,9794.5,2860.0,-0.0073391410449087
1673,9741.5,2767.5,0.0009054182455396
1674,9665.5,2815.5,0.0057632534498227
1675,9671.5,2838.0,-0.007643888851751
1676,9786.0,2869.0,-0.0029259575980638
1677,9858.0,2873.5,-0.0181053707928692
1678,9682.5,2844.0,-0.0273334661865053
1679,9661.0,2846.0,0.0013464620839015
1680,9571.0,2871.0,0.0060097589388838
1681,9540.0,2941.0,0.0062928323512117
1682,9515.5,2929.5,0.0064545139661103
1683,9599.0,2937.5,-0.0031579742091453
1684,9630.0,2928.5,0.0029739639791805
1685,9672.5,2922.5,0.0013604047516998
1686,9868.0,2991.0,0.0123571329392923
1687,9882.5,2986.5,0.003844553566051
1688,9944.0,3001.0,-0.0082314464016531
1689,9915.0,2955.5,-0.0098415163115011
1690,9869.0,2930.5,0.0146268411322856
1691,9905.0,2965.5,-0.0112835603036745
1692,9786.5,2959.0,0.0093352091123424
1693,9877.0,2943.0,0.010129884043807
1694,9806.0,2955.0,-0.0125702162770101
1695,9663.5,2885.0,0.0035072803393315
1696,9635.0,2847.5,0.0080786709806612
1697,9386.0,2809.0,0.0085409482492245
1698,9310.0,2776.5,-0.0054844193961894
1699,9216.5,2726.5,0.0034660696125393
1700,9166.0,2688.5,0.0032793852736479
1701,9104.0,2685.0,0.0026887897243254
1702,9122.0,2681.0,-0.002962323123442
1703,9111.0,2669.0,0.0102758402471509
1704,9026.0,2637.0,-0.0305809591318735
1705,8972.0,2629.0,0.0204812807413557
1706,9225.0,2675.5,-0.0112366863275548
1707,9052.5,2707.0,0.0169078747492316
1708,9055.5,2653.0,-0.0104432543100391
1709,8888.5,2633.5,-0.0218317064810103
1710,8928.5,2601.0,-0.0254770620489173
1711,8769.5,2581.5,0.0155120850905486
1712,8794.5,2646.0,0.0125069015511102
1713,8866.5,2736.5,-0.008692900369187
1714,9026.5,2743.0,-0.0045066466998004
1715,8958.5,2688.5,0.0034203564962787
1716,8968.5,2715.0,0.0060338014518701
1717,9148.5,2782.0,-0.0116393626709218
1718,9115.5,2762.5,-0.0100250020298711
1719,9252.0,2787.0,-0.0167112530563124
1720,9204.0,2805.0,-0.0015614325973938
1723,9288.5,2912.0,0.0012469771346023
1724,,,-0.0007415028313697
1725,9448.0,2943.0,-0.0075541890829682
1726,9260.5,2881.0,0.0138729508953443
1727,9244.0,2878.0,-0.0269561462023377
1728,9235.0,2897.0,0.0185175459452797
1729,9183.0,2841.0,0.0355905653454013
1730,8954.5,2846.0,-0.0032821167638357
1731,8960.0,2795.5,0.006209152264515
1732,9092.0,2737.5,-0.0008539150216964
1733,8996.0,2717.5,-0.014040339348717
1734,9097.0,2731.0,-0.0169177874457408
1735,9026.0,2712.0,-0.0068518175426072
1736,9090.5,2770.0,-0.005416011809862
1737,9215.5,2856.0,0.0046798184726652
1738,9308.0,2904.5,0.0170146253466254
1739,9390.0,2946.0,-0.0028536782536171
1740,9370.0,2926.0,0.0150725213819781
1741,9400.5,2886.0,0.0037489120058841
1742,9515.0,2929.5,-0.0166589870490359
1743,9476.5,2874.0,0.0057292422205913
1744,9548.5,2885.0,-0.0064060435228065
1745,9796.0,3009.5,-0.0066990913456756
1746,9813.0,2997.5,-0.0159817580018291
1747,10080.5,3099.0,-0.0026503755171887
1748,9982.5,3089.5,0.001972350913352
1749,9829.0,3091.0,-0.0061842409965693
1750,9979.0,3146.5,-0.0055301609255084
1751,10084.5,3173.5,-0.0040901252148836
1752,9866.0,3124.0,0.0076431103870332
1753,9943.5,3166.0,0.0162853124483192
1754,9929.5,3174.5,-0.0168319575533605
1755,9742.5,3091.0,-0.0146132761417991
1756,9675.0,3020.0,0.0093577571602019
1757,9723.0,3086.5,-0.0038284625598596
1758,9791.5,3154.0,0.0030974155499634
1759,9659.5,3082.5,-0.0042924049657125
1760,9530.5,3053.0,-0.0007709176608552
1761,9558.5,3052.5,-0.0023909319423059
1762,9516.0,3052.0,-0.0174512385116166
1763,9625.5,3089.5,-0.0085078660539487
1764,9559.0,3075.5,-0.0111782951012482
1765,9583.0,3137.5,0.0330981867350498
1766,9521.5,3144.0,-0.0182299885385606
1767,9507.0,3174.5,0.0042769321487352
1768,9602.5,3102.0,0.0122226969304689
1769,9541.5,3139.0,0.0154445891224983
1770,9530.5,3122.0,-0.0065198773281038
1771,9538.0,3086.5,0.0242180712471934
1772,9506.0,3029.0,-0.0178322452495596
1773,9570.5,3069.5,0.0014992609786107
1774,9696.5,3035.5,0.0075546719753905
1775,9738.5,3103.5,0.0009606451786186
1776,9343.0,2973.0,-0.0117630730389653
1777,9664.0,3052.0,-0.0066579977520348
1778,9443.5,2979.5,-0.0249757058101968
1779,9331.5,2979.0,0.006678891983564
1780,9142.0,2938.0,-0.00030832521973
1781,9047.0,2981.0,0.0063893812949771
1782,8990.0,2942.5,0.001821402492354
1783,9002.5,2947.5,-0.0120727629804851
1784,9072.5,2951.5,-0.0097877952473275
1785,9087.5,2951.0,0.0033846903822751
1786,9089.5,2987.5,-0.0092693139608972
1787,9008.5,2990.0,-0.0231979234100642
1788,8968.0,2966.5,-0.0158804305911345
1789,9045.5,3020.0,0.0230623569830985
1790,9000.5,3075.5,-0.0149733895643545
1791,9020.0,3131.5,0.0065771308792884
1792,9002.0,3054.0,0.0069895985775891
1793,9010.5,3103.0,-0.0042628522523576
1794,8992.5,3076.5,-0.0072088904841874
1795,9111.5,3095.5,0.0204616824763425
1796,9083.0,3099.0,-0.0056563699401615
1797,9074.5,3118.5,-0.0045552958972516
1798,9122.5,3071.5,0.0003730882875173
1799,9232.0,3126.0,0.0052957396621066
1800,9216.5,3135.0,-0.0109434911383216
1801,9192.0,3125.5,0.0139466301960096
1802,9091.5,3075.0,-0.0013570748806581
1803,9052.5,3095.5,0.0177609351105244
1804,9062.5,3056.0,-0.0068540126275062
1805,8989.5,3035.5,0.0049925674497237
1806,9028.5,2995.0,-0.007614109370242
1807,8883.0,2967.0,-0.0170707259163691
1811,,,-0.0039164373778817
1812,,,-0.0025596786389615
1813,8982.0,3031.5,0.0213688522182671
1814,8910.0,3019.0,0.0217853497968137
1815,8768.0,2978.5,0.0094868963436784
1816,8802.5,2927.0,0.009001272476854
1817,8876.5,2888.0,0.0208788190374029
1818,9003.0,2901.5,-0.0029181148132156
1819,9003.0,2875.5,-0.0055669988389168
1820,9031.5,2825.0,0.0012019918481644
1821,9078.5,2848.0,0.0075685931629894
1822,9091.5,2868.0,0.0012990214962736
1823,9094.5,2865.5,0.0028398772999126
1824,9154.0,2862.5,-0.0276081579589285
1825,9167.5,2863.0,0.0019252920593932
1826,9230.5,2874.5,0.0178680290377572
1827,9190.0,2942.0,-0.0017757971984315
1828,9275.0,2963.5,0.0195417022696756
1829,9284.5,2914.0,0.0114519500284025
1830,9223.5,2900.0,-0.0237645559058952
1831,9232.0,2846.5,0.0108554069985871
1832,9276.0,2827.5,0.0060939086236902
1833,9095.0,2839.0,0.0028838475528326
1834,8987.0,2775.0,0.0097500600193351
1835,9068.0,2783.0,-0.0149538508324593
1836,9128.5,2793.5,0.0026118081315013
1837,9048.0,2742.0,0.0195768429783082
1838,9099.0,2799.0,-0.00963405094274
1839,9150.5,2807.5,0.0062462843040337
1840,9240.0,2780.0,0.0019567955201668
1841,9276.5,2818.0,-0.0005198264083421
1842,9407.5,2840.0,-0.0043447106653858
1843,9447.5,2846.5,0.0091773545671566
1844,9358.0,2821.0,0.0002110595195678
1845,9454.5,2862.5,-0.0191357433392072
1846,9485.0,2845.5,0.0041137382126508
1847,9477.0,2842.5,0.0021969521325193
1848,9395.5,2872.5,-0.0044748276647235
1849,9472.0,2884.0,-0.0037204602041825
1850,9466.5,2876.0,0.0200547431112745
1851,9563.5,2918.5,0.0039328361694379
1852,9559.0,2928.0,0.0060253068520956
1853,9494.5,2850.5,-0.006412913571351
1854,9401.5,2811.5,0.0023518099369674
1855,9460.0,2812.0,-0.0112462123091675
1856,9389.5,2809.0,0.0033959031790085
1857,9358.0,2793.0,0.0014913685167429
1858,9419.0,2843.0,-0.0017925213019028
1859,9343.0,2810.5,0.0021598215457368
1860,9585.0,2879.0,0.0015665432925104
1861,9734.0,2929.0,-0.005449613382192
1862,9613.5,2886.5,0.0072943423993819
1863,9528.5,2856.5,-0.011364693304541
1864,9662.5,2912.5,-0.0041829862150848
1865,9770.0,2923.5,0.0131376646713357
1866,9783.5,2961.0,0.0026620081563575
1867,9780.5,2972.5,0.021423854462279
1868,9861.5,2958.0,-0.0030657248669562
1869,9904.5,2963.0,-0.0114349814387114
1870,9987.5,2924.5,0.0040320537573131
1871,9936.5,2918.5,0.0065962392237825
1872,9855.5,2928.0,-0.0129170573452479
1873,9956.15,2946.0,0.0111564392341263
1874,10110.49,2972.0,0.0094711266369262
1875,9927.0,2956.0,-0.0070884008435421
1876,9846.5,2899.5,0.0089819871893213
1877,9794.5,2857.0,0.0156041961886773
1878,9710.0,2852.5,-0.0106464835294845
1879,9692.23,2821.82,-0.0436214385283051
1880,9700.5,2780.5,0.0106428231723003
1881,9366.5,2713.5,0.0110949456110638
1882,8780.0,2657.0,-0.0031545341856355
1883,8732.0,2614.5,0.01087074554101
1884,8655.5,2563.0,0.0143873230673869
1885,8611.07,2557.9,0.0094067805735939
1886,8988.0,2641.0,0.0054918424252942
1887,9154.5,2651.5,0.0170008869918261
1888,9187.0,2636.0,0.000307216416925
1892,,,-0.0151778213817027
1893,,,-0.0169566417332994
1894,9369.0,2596.0,0.0134017821724034
1895,9382.5,2639.5,0.0053508735414785
1896,9392.5,2687.5,0.0005322764806421
1897,9374.0,2646.5,-0.0121897988597197
1898,9378.0,2633.5,0.0146402701390619
1899,9440.0,2649.5,0.0056053083749475
1900,9125.0,2592.5,0.0087090379890196
1901,9206.0,2577.5,-0.0064053930568725
1902,9365.5,2607.5,0.0003181234849007
1903,9538.0,2632.5,-0.0116036709491098
1904,9419.5,2616.5,-0.0020283404192253
1905,9431.5,2619.0,-0.0010214724241035
1906,9445.5,2653.5,-0.0212097837703075
1907,9520.5,2680.0,0.0116801477831454
1908,9599.5,2705.0,-0.0014279682758342
1909,9606.5,2765.0,0.013600960222546
1910,9577.0,2724.5,-0.01304325074784
1911,9447.5,2691.5,0.007946890995562
1912,9523.5,2676.5,-0.0051370870426034
1913,9519.5,2710.5,0.009978038029921
